,state_alpha,2003,2004,2005,2006,2007,2008,2009,2010,2011,2012,2013,2014,2015,2016,2017,2018
0,AL,"[323.31, 373.81, 449.58, 591.69, 681.34]","[323.19, 374.33, 450.21, 592.45, 681.63]","[371.36, 414.36, 485.88, 631.52, 738.67]","[390.12, 438.73, 513.73, 670.06, 785.67]","[400.1, 449.96, 526.73, 686.96, 804.81]","[432.07, 486.16, 568.75, 741.42, 867.88]","[458.85, 516.22, 604.15, 787.69, 922.46]","[478.64, 538.66, 630.21, 821.57, 962.16]","[480.39, 540.61, 632.42, 824.39, 965.13]","[465.28, 520.18, 610.46, 792.09, 913.25]","[492.42, 531.97, 666.3, 890.99, 1001.58]","[486.3, 525.31, 658.33, 881.16, 989.93]","[511.88, 552.4, 691.64, 926.27, 1041.4]","[510.37, 547.43, 682.22, 915.84, 1049.36]","[551.84, 588.75, 729.21, 979.12, 1119.85]","[546.07, 584.06, 718.63, 960.57, 1105.06]"
1,AK,"[608.68, 734.72, 880.28, 1164.64, 1329.4]","[625.89, 750.26, 903.44, 1193.78, 1356.11]","[682.04, 784.48, 998.37, 1299.07, 1432.93]","[704.59, 810.37, 1030.41, 1341.59, 1479.81]","[728.74, 838.11, 1065.63, 1387.52, 1530.11]","[790.07, 908.52, 1155.63, 1504.11, 1658.22]","[811.26, 933.15, 1186.78, 1544.81, 1703.78]","[850.59, 978.44, 1244.26, 1619.74, 1786.11]","[834.76, 955.72, 1217.93, 1578.72, 1733.86]","[671.9, 789.66, 989.1, 1290.9, 1433.48]","[778.31, 887.21, 1133.21, 1509.17, 1742.21]","[708.17, 807.59, 1032.55, 1378.31, 1589.97]","[770.97, 879.24, 1121.55, 1498.69, 1725.55]","[815.66, 927.31, 1162.07, 1527.17, 1787.34]","[916.1, 1033.97, 1295.79, 1719.28, 2018.48]","[907.66, 1021.34, 1272.79, 1694.69, 1984.45]"
2,AZ,"[466.0, 516.67, 658.13, 885.33, 1034.27]","[481.0, 532.8, 679.0, 913.27, 1066.73]","[511.73, 577.73, 704.33, 993.27, 1158.47]","[509.6, 571.13, 697.13, 986.13, 1139.6]","[525.67, 588.93, 719.13, 1017.27, 1175.27]","[572.67, 641.73, 783.0, 1107.53, 1279.8]","[594.0, 665.53, 812.27, 1148.93, 1328.0]","[628.07, 704.0, 859.07, 1215.13, 1404.53]","[645.2, 723.07, 882.2, 1247.87, 1442.07]","[579.73, 649.27, 793.07, 1110.73, 1263.0]","[557.07, 638.4, 822.13, 1139.53, 1328.2]","[548.27, 628.87, 808.47, 1123.73, 1311.67]","[583.27, 668.87, 860.33, 1193.6, 1392.53]","[619.73, 695.87, 878.0, 1215.33, 1412.6]","[618.93, 670.73, 856.73, 1191.87, 1377.47]","[641.6, 693.73, 884.73, 1226.47, 1400.13]"
3,AR,"[302.27, 349.64, 444.83, 594.6, 668.99]","[302.57, 349.91, 445.15, 594.99, 669.44]","[369.89, 402.61, 484.29, 637.11, 716.2]","[396.61, 434.44, 520.76, 684.68, 770.44]","[402.72, 441.0, 528.68, 695.4, 782.25]","[436.72, 478.19, 573.05, 753.88, 847.91]","[436.8, 478.27, 573.29, 754.29, 848.23]","[439.67, 481.44, 577.04, 759.2, 853.79]","[455.71, 499.07, 598.09, 786.63, 884.77]","[429.85, 475.51, 569.37, 747.05, 837.29]","[457.25, 486.23, 633.59, 851.09, 986.37]","[447.59, 476.67, 620.64, 834.75, 967.71]","[464.03, 494.01, 643.13, 865.03, 1002.51]","[482.71, 517.72, 666.24, 889.71, 1024.6]","[497.29, 528.13, 674.28, 902.72, 1031.69]","[507.51, 541.04, 691.24, 920.43, 1053.01]"
4,CA,"[581.52, 688.1, 869.57, 1200.16, 1377.19]","[602.21, 712.6, 900.41, 1242.72, 1425.79]","[642.71, 731.67, 897.05, 1267.02, 1457.78]","[665.1, 756.62, 929.05, 1316.17, 1512.21]","[686.79, 780.84, 958.9, 1358.62, 1561.14]","[748.26, 849.67, 1043.71, 1478.95, 1700.21]","[784.09, 890.47, 1093.97, 1550.74, 1782.71]","[808.6, 918.79, 1128.74, 1599.76, 1838.71]","[831.6, 945.5, 1161.84, 1646.31, 1890.93]","[781.5, 895.47, 1104.97, 1555.14, 1766.79]","[770.91, 886.5, 1147.64, 1623.74, 1897.71]","[789.81, 908.76, 1176.02, 1663.45, 1944.66]","[801.97, 923.33, 1194.97, 1691.45, 1975.62]","[856.59, 985.4, 1266.78, 1775.41, 2067.14]","[901.02, 1037.34, 1326.22, 1854.43, 2187.76]","[944.69, 1088.21, 1388.36, 1938.64, 2256.43]"
5,CO,"[484.57, 533.02, 671.11, 908.37, 1079.95]","[490.78, 539.13, 679.75, 919.49, 1093.49]","[522.8, 603.52, 737.61, 1011.22, 1196.25]","[540.19, 619.17, 757.02, 1043.05, 1240.44]","[555.52, 636.58, 778.44, 1072.36, 1275.52]","[561.28, 643.47, 786.03, 1082.62, 1288.45]","[577.91, 662.95, 809.47, 1114.52, 1326.72]","[583.39, 668.91, 816.89, 1125.27, 1339.08]","[601.53, 689.55, 842.48, 1160.75, 1381.28]","[566.36, 647.19, 789.45, 1074.75, 1290.14]","[584.22, 649.12, 839.58, 1153.05, 1334.95]","[594.8, 660.94, 854.25, 1174.72, 1359.64]","[616.69, 687.95, 888.94, 1225.47, 1418.16]","[661.02, 731.47, 940.66, 1293.41, 1505.91]","[678.7, 739.89, 945.84, 1309.19, 1508.78]","[759.56, 830.06, 1051.84, 1451.22, 1655.92]"
6,CT,"[588.24, 739.96, 917.48, 1177.56, 1377.76]","[604.44, 759.96, 942.12, 1209.28, 1415.2]","[642.68, 768.72, 935.2, 1148.0, 1339.92]","[680.49, 816.95, 988.67, 1220.24, 1470.92]","[712.93, 858.33, 1043.22, 1288.15, 1540.3]","[735.44, 885.64, 1076.06, 1329.09, 1587.44]","[761.17, 916.92, 1114.24, 1376.19, 1643.77]","[804.38, 969.12, 1177.61, 1454.51, 1738.04]","[810.83, 976.44, 1186.61, 1465.26, 1750.53]","[825.98, 996.85, 1202.13, 1481.52, 1721.53]","[804.75, 939.28, 1199.05, 1512.93, 1744.89]","[811.61, 949.79, 1211.83, 1528.57, 1765.76]","[825.87, 965.95, 1232.46, 1554.43, 1795.6]","[827.83, 1015.0, 1285.67, 1632.44, 1870.88]","[845.37, 1006.87, 1268.33, 1621.01, 1841.81]","[891.75, 1055.24, 1318.5, 1684.48, 1928.71]"
7,DE,"[520.33, 604.67, 719.0, 952.0, 1087.33]","[526.33, 612.0, 727.33, 963.67, 1102.0]","[578.33, 624.0, 707.67, 964.33, 1135.67]","[623.0, 688.33, 787.67, 1042.67, 1225.67]","[648.67, 716.67, 820.33, 1085.67, 1276.33]","[673.67, 744.67, 851.67, 1127.33, 1325.67]","[704.0, 777.67, 890.33, 1178.33, 1385.67]","[746.33, 824.33, 942.33, 1249.33, 1468.33]","[727.0, 802.67, 918.33, 1217.0, 1430.67]","[728.0, 806.0, 920.0, 1189.0, 1421.33]","[751.67, 870.67, 1081.0, 1444.0, 1687.67]","[707.0, 821.0, 1017.33, 1355.33, 1580.33]","[771.0, 892.0, 1108.67, 1480.33, 1729.0]","[780.33, 908.33, 1117.67, 1508.67, 1725.67]","[807.33, 910.33, 1113.0, 1527.0, 1761.33]","[794.0, 892.0, 1087.67, 1497.33, 1725.33]"
8,DC,"[865.0, 984.0, 1154.0, 1573.0, 1897.0]","[913.0, 1039.0, 1218.0, 1660.0, 2002.0]","[915.0, 1045.0, 1187.0, 1537.0, 2000.0]","[948.0, 1080.0, 1225.0, 1580.0, 2068.0]","[995.0, 1134.0, 1286.0, 1659.0, 2171.0]","[1025.0, 1168.0, 1324.0, 1708.0, 2235.0]","[1092.0, 1245.0, 1411.0, 1820.0, 2382.0]","[1156.0, 1318.0, 1494.0, 1927.0, 2522.0]","[1131.0, 1289.0, 1461.0, 1885.0, 2466.0]","[1166.0, 1328.0, 1506.0, 1943.0, 2542.0]","[1226.0, 1292.0, 1532.0, 2050.0, 2575.0]","[1272.0, 1340.0, 1589.0, 2127.0, 2671.0]","[1260.0, 1328.0, 1574.0, 2107.0, 2646.0]","[1307.0, 1402.0, 1623.0, 2144.0, 2726.0]","[1440.0, 1513.0, 1746.0, 2300.0, 2855.0]","[1504.0, 1561.0, 1793.0, 2353.0, 2902.0]"
9,FL,"[475.75, 536.78, 637.72, 825.24, 933.78]","[478.57, 540.66, 642.58, 831.39, 941.64]","[502.45, 550.24, 645.6, 845.25, 958.13]","[528.1, 580.27, 680.88, 895.75, 1012.1]","[545.48, 599.21, 703.22, 926.07, 1046.76]","[623.12, 683.85, 802.81, 1057.76, 1193.73]","[664.78, 729.42, 856.36, 1128.21, 1273.72]","[697.0, 764.61, 897.54, 1182.43, 1334.66]","[686.27, 752.96, 883.93, 1164.76, 1313.84]","[656.49, 727.12, 851.97, 1115.09, 1240.94]","[637.87, 709.87, 882.15, 1190.48, 1376.43]","[639.94, 713.13, 885.54, 1196.18, 1383.33]","[644.39, 717.73, 891.16, 1204.12, 1392.76]","[654.99, 731.55, 899.9, 1211.18, 1419.99]","[681.04, 755.76, 928.03, 1254.25, 1474.06]","[701.79, 777.16, 954.24, 1287.57, 1513.84]"
10,GA,"[387.53, 454.24, 547.49, 718.74, 826.35]","[388.84, 457.01, 549.91, 722.64, 831.6]","[446.86, 488.78, 560.58, 721.06, 815.44]","[466.39, 510.79, 584.93, 752.97, 851.83]","[474.33, 519.16, 594.46, 765.18, 866.03]","[510.87, 559.52, 640.71, 824.97, 933.75]","[528.49, 578.52, 662.43, 852.82, 965.16]","[545.84, 597.63, 684.21, 880.7, 996.7]","[537.26, 588.18, 673.53, 867.1, 981.45]","[526.89, 572.64, 658.96, 839.57, 946.48]","[527.58, 562.83, 703.14, 940.26, 1091.99]","[561.11, 597.57, 746.86, 999.37, 1159.14]","[543.52, 579.7, 723.72, 968.27, 1124.96]","[583.79, 619.79, 766.09, 1026.67, 1221.77]","[591.4, 621.95, 760.75, 1023.08, 1217.5]","[629.22, 657.97, 801.74, 1073.89, 1275.62]"
11,HI,"[649.25, 848.0, 1013.75, 1339.0, 1506.25]","[660.5, 861.25, 1030.5, 1361.75, 1532.5]","[670.8, 767.6, 908.2, 1235.0, 1429.6]","[811.0, 927.6, 1098.8, 1495.4, 1730.8]","[843.8, 965.2, 1143.6, 1557.2, 1802.0]","[924.6, 1059.0, 1254.0, 1714.2, 1982.0]","[1003.2, 1148.0, 1359.4, 1855.6, 2146.8]","[1060.8, 1213.8, 1437.2, 1961.2, 2269.0]","[1098.8, 1257.0, 1488.4, 2030.4, 2349.0]","[1103.4, 1269.4, 1522.0, 2047.6, 2258.6]","[1059.8, 1170.0, 1512.6, 2092.0, 2393.0]","[926.6, 1021.2, 1325.2, 1842.0, 2105.6]","[990.4, 1103.4, 1420.4, 1965.6, 2249.2]","[903.6, 1056.0, 1338.6, 1875.0, 2161.6]","[982.4, 1137.8, 1451.0, 2024.0, 2447.0]","[1177.2, 1371.2, 1753.0, 2451.6, 2934.6]"
12,ID,"[330.91, 383.5, 491.73, 657.52, 778.2]","[337.5, 390.93, 502.14, 671.18, 794.84]","[415.41, 463.48, 568.95, 789.32, 910.73]","[440.89, 490.16, 598.55, 831.5, 956.34]","[454.73, 505.36, 617.32, 857.52, 986.55]","[474.34, 526.93, 644.07, 894.11, 1029.36]","[494.3, 549.52, 671.25, 932.2, 1072.55]","[511.02, 567.8, 693.95, 963.43, 1108.95]","[514.73, 571.86, 698.93, 970.25, 1117.07]","[457.93, 503.0, 624.09, 867.07, 989.0]","[472.39, 518.07, 661.75, 938.55, 1121.23]","[488.36, 534.66, 682.82, 969.43, 1158.25]","[497.16, 544.43, 695.2, 987.14, 1179.68]","[512.52, 550.64, 710.32, 975.48, 1200.52]","[534.48, 579.8, 746.48, 1029.43, 1261.14]","[553.43, 601.32, 776.32, 1071.07, 1285.61]"
13,IL,"[347.52, 402.84, 514.23, 672.73, 756.36]","[349.26, 405.0, 516.82, 675.63, 759.72]","[401.21, 453.1, 559.77, 724.3, 806.92]","[426.08, 481.36, 591.78, 766.69, 857.42]","[430.73, 485.98, 598.33, 776.3, 867.75]","[449.27, 506.74, 623.96, 809.61, 904.69]","[467.67, 527.56, 649.45, 842.65, 941.75]","[479.31, 541.22, 666.95, 865.63, 968.86]","[483.92, 546.36, 673.42, 874.04, 978.05]","[490.79, 555.01, 683.52, 884.06, 991.47]","[469.81, 550.38, 704.95, 933.55, 1068.6]","[494.81, 580.13, 741.89, 982.53, 1125.17]","[494.85, 580.62, 742.8, 983.84, 1126.17]","[503.57, 583.95, 751.59, 982.65, 1122.78]","[536.07, 615.15, 783.38, 1025.49, 1172.82]","[552.54, 630.85, 801.6, 1051.64, 1192.45]"
14,IN,"[357.25, 421.7, 532.9, 687.52, 763.95]","[358.38, 422.61, 534.65, 689.29, 766.79]","[431.08, 479.45, 593.18, 759.82, 837.82]","[442.34, 493.76, 610.01, 781.63, 861.23]","[453.54, 506.35, 625.62, 801.49, 883.62]","[480.87, 536.96, 663.36, 850.12, 937.39]","[496.17, 553.87, 684.33, 876.8, 966.9]","[503.82, 562.46, 694.82, 890.23, 981.7]","[511.3, 570.95, 705.25, 903.82, 996.68]","[497.25, 553.88, 682.76, 876.8, 956.48]","[459.01, 540.13, 696.92, 923.53, 1037.93]","[468.99, 552.27, 712.12, 944.14, 1061.07]","[480.39, 565.46, 729.22, 967.32, 1087.04]","[509.07, 582.34, 747.41, 982.77, 1117.54]","[530.38, 605.39, 768.92, 1013.35, 1148.22]","[555.62, 629.83, 798.3, 1052.12, 1183.48]"
15,IA,"[312.4, 387.62, 486.58, 621.35, 691.28]","[313.25, 388.7, 487.11, 622.71, 692.73]","[374.84, 419.35, 529.57, 678.44, 752.51]","[398.74, 443.91, 559.42, 717.51, 797.11]","[403.19, 449.31, 566.17, 726.13, 806.93]","[416.02, 463.68, 584.25, 749.43, 832.79]","[425.76, 474.44, 597.79, 766.81, 851.99]","[431.25, 480.63, 605.63, 776.92, 863.15]","[437.16, 487.14, 613.78, 787.27, 874.9]","[420.86, 467.96, 595.22, 758.9, 833.92]","[413.69, 477.66, 612.2, 820.68, 918.37]","[437.76, 505.24, 647.23, 868.07, 972.14]","[443.28, 511.85, 655.51, 879.51, 983.99]","[470.07, 527.76, 681.12, 904.85, 998.66]","[490.75, 548.73, 705.16, 938.2, 1040.31]","[504.59, 561.15, 722.38, 959.86, 1062.01]"
16,KS,"[319.52, 365.14, 466.21, 607.92, 678.65]","[319.94, 364.9, 466.9, 608.13, 678.95]","[385.51, 419.07, 524.31, 683.02, 764.04]","[412.06, 447.07, 557.8, 723.72, 808.01]","[414.14, 449.4, 560.28, 726.95, 811.53]","[426.35, 462.39, 576.4, 748.12, 834.77]","[444.04, 481.9, 600.64, 779.5, 869.98]","[462.36, 500.86, 624.45, 811.2, 904.88]","[469.69, 508.68, 634.39, 823.95, 919.19]","[443.49, 479.77, 602.55, 779.77, 860.1]","[398.68, 469.04, 608.12, 818.18, 926.7]","[447.33, 527.53, 682.9, 919.62, 1038.31]","[451.51, 532.47, 688.92, 927.42, 1047.03]","[499.98, 551.94, 716.03, 948.37, 1077.56]","[525.83, 577.34, 742.27, 984.01, 1117.9]","[538.72, 592.09, 759.84, 1005.8, 1142.94]"
17,KY,"[306.08, 361.77, 448.82, 585.6, 659.09]","[306.56, 363.0, 449.49, 586.5, 660.77]","[371.75, 408.05, 494.93, 644.82, 710.11]","[389.8, 431.46, 523.98, 685.92, 753.92]","[398.66, 440.97, 535.95, 701.34, 770.8]","[436.59, 482.78, 586.77, 767.94, 843.97]","[447.57, 494.78, 601.3, 786.81, 864.9]","[450.78, 498.55, 605.8, 792.77, 871.36]","[452.18, 500.17, 607.88, 795.73, 874.4]","[426.48, 474.02, 575.98, 747.95, 822.07]","[442.01, 483.79, 620.17, 840.78, 939.6]","[459.12, 502.64, 642.98, 872.46, 973.83]","[460.48, 504.72, 646.1, 877.43, 979.88]","[494.7, 551.66, 703.08, 941.39, 1064.62]","[495.95, 552.46, 697.52, 936.71, 1063.12]","[503.76, 561.52, 708.67, 947.71, 1074.65]"
18,LA,"[342.12, 382.61, 474.66, 632.81, 728.12]","[342.23, 383.5, 475.73, 633.69, 729.66]","[406.97, 430.14, 510.17, 649.94, 735.88]","[471.67, 502.59, 596.41, 768.02, 856.55]","[481.5, 513.2, 609.16, 784.48, 875.42]","[510.28, 543.39, 645.11, 830.67, 926.34]","[533.88, 567.98, 674.61, 868.41, 968.67]","[560.22, 595.83, 707.78, 911.16, 1015.86]","[573.09, 609.53, 724.09, 932.08, 1038.92]","[536.66, 578.92, 685.45, 879.97, 970.66]","[530.78, 587.47, 734.08, 963.17, 1106.66]","[556.39, 614.28, 767.73, 1010.14, 1158.83]","[547.45, 605.0, 755.86, 993.44, 1139.48]","[544.08, 607.62, 752.05, 982.77, 1151.17]","[570.58, 634.64, 780.45, 1026.67, 1197.66]","[607.95, 673.83, 823.66, 1081.17, 1251.56]"
19,ME,"[423.32, 503.14, 643.0, 825.77, 942.91]","[430.68, 512.0, 654.32, 840.55, 959.64]","[472.68, 542.23, 667.0, 853.14, 959.36]","[463.81, 526.75, 635.49, 821.12, 925.85]","[487.73, 553.94, 668.51, 864.19, 973.61]","[522.55, 593.77, 716.51, 925.9, 1043.79]","[525.87, 597.23, 720.74, 931.33, 1049.81]","[559.6, 635.61, 766.97, 991.1, 1117.41]","[565.8, 642.63, 775.42, 1002.08, 1129.65]","[522.96, 599.56, 724.03, 934.26, 1051.37]","[578.43, 648.74, 795.97, 1042.99, 1166.73]","[576.56, 647.08, 793.85, 1040.64, 1164.23]","[591.25, 662.72, 813.02, 1065.4, 1190.15]","[595.47, 658.78, 808.59, 1052.32, 1176.79]","[637.75, 689.51, 838.84, 1096.95, 1224.12]","[664.47, 709.07, 865.77, 1136.39, 1273.87]"
20,MD,"[579.72, 691.64, 832.32, 1110.36, 1306.32]","[600.6, 716.04, 861.96, 1149.6, 1353.0]","[631.71, 705.33, 830.46, 1085.92, 1330.25]","[681.88, 758.76, 893.24, 1166.88, 1428.28]","[700.44, 778.92, 916.92, 1199.32, 1465.12]","[754.12, 838.52, 987.6, 1292.12, 1575.52]","[809.92, 901.0, 1061.32, 1388.08, 1692.96]","[849.68, 945.28, 1113.6, 1456.28, 1777.08]","[873.72, 971.52, 1145.28, 1498.44, 1825.84]","[863.8, 962.92, 1140.16, 1486.08, 1815.24]","[858.32, 969.2, 1197.96, 1561.48, 1816.6]","[858.64, 970.08, 1197.44, 1563.04, 1816.96]","[845.84, 956.56, 1180.08, 1540.2, 1791.0]","[848.88, 973.83, 1196.67, 1562.88, 1891.21]","[932.83, 1047.12, 1282.75, 1677.46, 2031.04]","[946.21, 1071.0, 1306.5, 1708.54, 2055.71]"
21,MA,"[656.34, 794.72, 1000.38, 1256.19, 1457.03]","[683.25, 827.59, 1040.72, 1307.62, 1516.09]","[724.22, 820.16, 990.22, 1214.53, 1388.34]","[801.72, 891.57, 1073.34, 1329.32, 1521.31]","[833.4, 926.96, 1116.13, 1382.61, 1581.74]","[855.05, 952.35, 1147.8, 1424.18, 1625.34]","[862.66, 962.04, 1159.46, 1439.35, 1641.31]","[895.71, 997.95, 1202.67, 1492.81, 1702.65]","[890.45, 992.08, 1195.47, 1483.81, 1691.83]","[859.33, 965.09, 1166.11, 1415.93, 1589.59]","[855.79, 970.95, 1222.55, 1537.56, 1708.52]","[854.63, 969.51, 1219.88, 1533.94, 1705.57]","[872.77, 990.55, 1245.99, 1566.56, 1741.83]","[891.18, 1045.97, 1308.71, 1640.82, 1837.83]","[963.26, 1094.38, 1361.3, 1717.74, 1926.1]","[1050.85, 1172.8, 1459.38, 1842.54, 2042.91]"
22,MI,"[374.06, 433.95, 545.01, 703.82, 797.84]","[376.41, 437.45, 549.4, 709.37, 803.69]","[434.12, 483.3, 587.13, 759.4, 831.07]","[448.18, 498.52, 606.31, 788.8, 870.65]","[455.75, 507.01, 616.61, 802.14, 884.95]","[485.31, 539.99, 656.87, 854.9, 943.37]","[496.49, 552.53, 672.12, 874.83, 965.59]","[501.66, 558.2, 678.94, 883.83, 975.53]","[501.54, 558.2, 678.9, 883.77, 975.52]","[499.92, 560.51, 677.49, 875.75, 960.48]","[486.02, 551.6, 709.0, 949.52, 1082.71]","[500.82, 567.99, 729.92, 978.9, 1115.77]","[501.05, 568.18, 730.31, 979.92, 1116.69]","[515.76, 579.86, 747.33, 999.55, 1121.36]","[534.16, 609.2, 775.06, 1035.67, 1154.2]","[560.6, 630.51, 801.66, 1065.12, 1186.43]"
23,MN,"[354.02, 436.06, 554.59, 713.87, 815.51]","[357.25, 440.76, 559.99, 720.72, 823.78]","[406.9, 466.57, 580.16, 752.94, 853.72]","[423.51, 484.7, 602.78, 783.46, 889.78]","[427.64, 489.3, 608.61, 791.09, 898.93]","[457.61, 523.54, 651.11, 846.14, 961.52]","[469.71, 537.32, 668.39, 868.53, 987.06]","[477.37, 546.49, 679.71, 883.62, 1004.55]","[485.28, 555.56, 691.01, 898.2, 1021.23]","[474.05, 545.7, 679.99, 874.72, 989.8]","[478.41, 555.37, 715.09, 972.17, 1122.79]","[495.85, 576.16, 741.08, 1008.84, 1163.69]","[502.92, 584.93, 752.29, 1024.9, 1182.05]","[507.18, 604.55, 785.17, 1050.78, 1206.6]","[525.1, 625.93, 804.49, 1084.69, 1243.83]","[544.53, 644.01, 826.37, 1112.06, 1267.83]"
24,MS,"[305.82, 360.67, 445.55, 578.18, 653.39]","[305.43, 360.88, 445.77, 578.52, 653.05]","[372.7, 417.96, 489.96, 633.65, 714.34]","[401.85, 450.33, 526.79, 682.72, 768.52]","[407.45, 456.89, 534.37, 692.35, 778.96]","[441.85, 494.82, 578.95, 750.6, 843.3]","[472.77, 529.61, 619.56, 803.24, 903.02]","[476.67, 533.96, 624.62, 809.9, 910.45]","[503.93, 564.35, 660.21, 856.33, 963.26]","[480.87, 536.98, 629.82, 810.01, 909.01]","[449.78, 521.99, 650.95, 871.02, 956.45]","[480.66, 557.83, 695.7, 933.33, 1023.33]","[476.26, 552.43, 689.11, 924.62, 1015.56]","[500.67, 573.72, 709.65, 931.9, 1034.24]","[536.18, 612.05, 755.1, 991.55, 1103.48]","[528.29, 594.9, 736.3, 969.61, 1084.24]"
25,MO,"[303.95, 356.11, 455.75, 596.71, 680.97]","[304.72, 356.54, 457.03, 599.0, 682.88]","[375.51, 412.56, 514.32, 676.45, 771.47]","[391.04, 430.25, 536.84, 706.91, 801.45]","[395.48, 435.4, 543.12, 715.53, 811.61]","[416.49, 458.43, 571.91, 753.47, 854.49]","[428.33, 471.62, 588.28, 775.27, 878.89]","[435.82, 480.02, 598.39, 788.63, 893.97]","[452.53, 498.39, 621.41, 818.78, 928.35]","[447.5, 492.46, 614.49, 806.45, 906.9]","[435.18, 502.47, 653.57, 880.53, 991.82]","[449.92, 520.53, 676.13, 911.52, 1026.3]","[452.1, 522.6, 678.84, 915.72, 1031.18]","[476.44, 540.71, 704.97, 940.78, 1072.88]","[490.23, 560.8, 723.96, 969.98, 1106.95]","[489.82, 562.05, 724.42, 970.23, 1102.9]"
26,MT,"[349.96, 405.07, 529.57, 690.21, 811.34]","[354.07, 409.3, 535.82, 696.79, 819.95]","[369.54, 423.32, 518.46, 695.2, 773.34]","[405.55, 461.96, 563.66, 758.55, 856.79]","[408.21, 465.29, 568.46, 765.18, 864.96]","[434.11, 494.86, 604.29, 813.18, 919.45]","[446.57, 508.66, 620.86, 835.71, 944.43]","[449.57, 512.07, 625.07, 841.46, 950.45]","[471.16, 536.88, 656.27, 883.21, 999.0]","[440.77, 489.64, 606.95, 812.27, 905.3]","[449.79, 492.16, 624.7, 858.68, 987.86]","[485.41, 530.93, 672.68, 927.88, 1066.57]","[512.43, 559.96, 710.62, 979.25, 1126.2]","[510.68, 579.96, 717.84, 963.05, 1166.95]","[529.43, 595.75, 739.75, 1003.77, 1209.95]","[557.71, 631.23, 791.82, 1070.46, 1296.52]"
27,NE,"[281.9, 361.95, 458.63, 588.95, 675.72]","[281.37, 361.56, 459.0, 588.54, 675.67]","[398.69, 429.84, 527.62, 675.38, 749.2]","[416.41, 449.89, 552.54, 706.78, 784.01]","[420.88, 454.61, 558.4, 714.14, 792.28]","[431.13, 465.69, 572.0, 731.61, 811.69]","[445.65, 481.52, 591.39, 756.52, 839.06]","[451.27, 487.81, 598.94, 766.25, 849.83]","[456.62, 493.18, 605.74, 774.87, 859.61]","[483.14, 515.38, 632.82, 813.74, 898.43]","[413.19, 478.45, 622.58, 809.48, 906.86]","[415.57, 481.4, 625.65, 815.08, 913.83]","[427.2, 495.42, 643.39, 838.24, 939.89]","[436.55, 517.3, 673.69, 878.22, 977.28]","[449.58, 537.85, 694.69, 908.31, 1011.95]","[461.76, 548.32, 705.25, 925.17, 1026.96]"
28,NV,"[463.18, 573.65, 718.53, 959.06, 1117.65]","[476.94, 590.82, 739.65, 987.65, 1151.0]","[535.35, 608.82, 756.71, 1023.65, 1181.24]","[542.76, 618.41, 766.24, 1044.0, 1191.53]","[561.47, 640.24, 792.94, 1080.18, 1233.06]","[584.82, 666.59, 825.65, 1124.82, 1284.41]","[616.35, 702.24, 869.76, 1184.82, 1352.65]","[645.53, 735.47, 911.29, 1241.35, 1417.53]","[619.71, 705.71, 874.24, 1189.47, 1356.94]","[560.53, 654.59, 815.71, 1111.88, 1263.35]","[509.88, 663.41, 845.71, 1171.29, 1389.41]","[519.59, 676.65, 862.18, 1192.71, 1414.35]","[510.06, 663.76, 846.59, 1173.0, 1390.71]","[538.76, 659.06, 854.82, 1201.35, 1427.41]","[555.29, 671.59, 863.06, 1219.76, 1438.82]","[602.12, 726.65, 930.35, 1306.65, 1519.29]"
29,NH,"[546.37, 681.32, 870.32, 1119.47, 1313.32]","[566.21, 706.58, 901.89, 1160.0, 1360.26]","[626.47, 726.53, 902.95, 1168.05, 1314.16]","[575.78, 663.55, 826.89, 1099.04, 1273.24]","[601.04, 692.86, 863.14, 1146.62, 1327.47]","[673.36, 775.74, 966.91, 1285.68, 1491.84]","[674.57, 777.49, 968.87, 1288.34, 1494.48]","[680.28, 784.03, 976.95, 1299.03, 1506.77]","[684.3, 788.47, 982.75, 1306.63, 1515.64]","[673.02, 775.9, 971.97, 1277.24, 1457.08]","[740.85, 823.72, 1041.0, 1369.53, 1532.55]","[729.83, 811.2, 1025.6, 1349.19, 1508.9]","[781.21, 865.58, 1093.7, 1436.27, 1606.56]","[727.58, 834.36, 1055.77, 1368.12, 1561.05]","[784.63, 872.19, 1100.29, 1439.88, 1640.56]","[810.5, 902.53, 1140.05, 1491.14, 1737.96]"
30,NJ,"[664.95, 802.67, 986.1, 1275.48, 1534.57]","[688.24, 830.86, 1020.48, 1320.05, 1588.48]","[793.33, 887.86, 1048.95, 1307.81, 1499.86]","[844.62, 932.05, 1094.86, 1367.43, 1565.67]","[868.81, 966.9, 1145.67, 1436.14, 1641.57]","[901.14, 1003.71, 1189.43, 1491.57, 1705.24]","[923.05, 1028.24, 1218.71, 1527.57, 1746.48]","[962.38, 1071.95, 1269.95, 1591.81, 1820.67]","[981.19, 1092.81, 1294.81, 1624.19, 1857.86]","[992.62, 1109.14, 1309.67, 1621.33, 1838.48]","[935.81, 1077.33, 1310.48, 1709.95, 1986.76]","[952.62, 1096.33, 1333.29, 1738.76, 2020.24]","[965.48, 1111.38, 1352.43, 1764.33, 2050.0]","[975.76, 1151.29, 1406.52, 1818.19, 2107.1]","[1007.62, 1161.95, 1430.38, 1849.38, 2140.67]","[1015.62, 1184.76, 1463.0, 1884.52, 2183.57]"
31,NM,"[350.0, 406.76, 513.24, 687.0, 788.67]","[350.91, 407.55, 513.67, 688.15, 790.06]","[409.3, 452.52, 537.27, 728.3, 827.97]","[436.97, 480.39, 573.18, 780.52, 889.33]","[445.48, 490.09, 584.85, 796.09, 907.21]","[452.7, 498.21, 594.42, 809.18, 921.97]","[471.3, 518.12, 618.06, 840.7, 957.58]","[490.79, 539.61, 643.67, 875.67, 997.15]","[496.24, 545.79, 651.21, 886.12, 1009.42]","[481.88, 533.0, 635.88, 852.61, 988.7]","[489.24, 557.3, 706.58, 956.91, 1091.55]","[526.67, 598.52, 758.3, 1027.73, 1168.12]","[507.3, 576.18, 729.48, 988.55, 1123.79]","[540.7, 611.55, 768.94, 1033.73, 1229.09]","[550.24, 612.33, 763.94, 1040.79, 1227.82]","[587.09, 643.12, 802.7, 1103.67, 1290.45]"
32,NY,"[504.37, 593.53, 713.63, 917.1, 1035.5]","[511.61, 601.95, 723.98, 929.9, 1050.03]","[581.02, 615.08, 729.03, 921.13, 1018.02]","[599.74, 635.13, 754.79, 957.92, 1083.81]","[631.71, 671.39, 794.92, 1007.5, 1120.11]","[717.58, 762.05, 902.39, 1144.02, 1272.63]","[735.24, 780.5, 924.76, 1172.42, 1305.42]","[755.45, 801.82, 949.89, 1204.5, 1341.11]","[760.42, 807.45, 956.18, 1212.32, 1348.76]","[774.0, 818.31, 970.92, 1217.31, 1363.39]","[709.9, 789.58, 975.31, 1271.35, 1417.85]","[716.71, 797.94, 985.61, 1285.26, 1434.02]","[731.94, 814.71, 1006.35, 1312.37, 1464.03]","[736.31, 839.4, 1019.5, 1312.53, 1469.5]","[780.32, 869.97, 1061.66, 1371.84, 1530.23]","[817.86, 905.02, 1100.08, 1413.44, 1566.56]"
33,NC,"[403.92, 465.98, 558.42, 736.42, 836.56]","[404.98, 466.78, 559.21, 738.12, 837.86]","[451.78, 504.42, 588.11, 774.93, 883.19]","[465.92, 523.23, 611.09, 805.94, 918.4]","[479.2, 538.3, 628.61, 829.12, 944.98]","[508.36, 571.0, 667.03, 879.78, 1003.23]","[520.33, 584.46, 683.03, 900.97, 1027.24]","[537.14, 603.19, 704.79, 929.48, 1059.89]","[531.92, 597.41, 697.91, 920.44, 1049.47]","[529.28, 596.44, 697.43, 907.91, 1023.06]","[535.02, 573.65, 715.96, 956.45, 1125.41]","[547.1, 585.93, 731.72, 977.46, 1149.25]","[556.18, 596.77, 744.46, 994.74, 1171.04]","[587.4, 622.57, 772.25, 1034.02, 1225.21]","[608.71, 637.85, 784.77, 1056.14, 1252.96]","[636.69, 663.57, 817.22, 1097.3, 1309.05]"
34,ND,"[281.66, 344.58, 444.43, 581.23, 680.02]","[284.43, 348.08, 449.79, 587.28, 687.21]","[349.34, 391.79, 483.15, 658.79, 746.4]","[382.47, 422.02, 521.36, 715.11, 808.0]","[383.34, 423.36, 522.81, 717.04, 810.34]","[381.83, 421.57, 520.74, 714.11, 807.08]","[400.87, 442.4, 546.3, 749.13, 846.85]","[406.26, 448.43, 553.74, 759.32, 858.36]","[427.3, 471.83, 582.6, 799.17, 903.28]","[459.42, 509.87, 625.57, 856.62, 974.53]","[432.28, 447.3, 563.96, 782.57, 839.66]","[532.17, 550.83, 692.81, 962.19, 1033.45]","[501.96, 519.47, 653.34, 910.02, 976.09]","[550.79, 575.51, 723.34, 987.81, 1107.11]","[632.94, 654.74, 827.96, 1149.47, 1258.53]","[602.94, 620.68, 782.94, 1084.62, 1217.4]"
35,OH,"[364.35, 435.64, 548.09, 701.36, 784.73]","[365.76, 437.52, 550.1, 703.88, 787.25]","[416.47, 470.33, 578.11, 746.89, 821.36]","[431.23, 485.67, 597.45, 772.88, 850.17]","[440.84, 495.48, 609.4, 787.68, 865.32]","[472.64, 531.2, 653.31, 844.41, 927.97]","[479.93, 539.42, 663.4, 857.4, 942.38]","[486.61, 546.86, 672.41, 869.06, 955.1]","[494.77, 556.1, 683.78, 883.75, 971.42]","[485.06, 547.33, 671.16, 862.47, 943.51]","[455.02, 534.6, 688.16, 917.74, 1005.97]","[461.73, 542.67, 697.93, 930.75, 1020.11]","[472.86, 555.41, 714.34, 953.03, 1044.57]","[503.66, 572.62, 735.09, 975.43, 1084.15]","[530.35, 601.52, 767.2, 1017.69, 1137.24]","[539.42, 609.8, 776.75, 1025.33, 1144.47]"
36,OK,"[308.66, 351.31, 442.74, 596.38, 682.06]","[307.74, 350.13, 441.39, 593.79, 679.32]","[355.64, 388.64, 476.05, 641.18, 705.65]","[376.53, 410.88, 502.13, 675.57, 741.9]","[382.84, 417.57, 510.31, 686.44, 754.44]","[426.73, 465.62, 568.87, 765.44, 841.0]","[451.13, 492.16, 601.34, 809.01, 889.13]","[453.47, 495.1, 604.62, 813.39, 894.01]","[457.65, 499.14, 609.92, 820.61, 901.77]","[439.05, 480.96, 584.96, 777.77, 848.82]","[430.56, 484.65, 623.58, 831.39, 953.62]","[451.57, 507.99, 653.53, 871.78, 998.97]","[464.34, 522.6, 672.39, 897.38, 1027.81]","[490.47, 554.03, 708.91, 943.45, 1092.23]","[510.75, 576.91, 735.0, 981.25, 1131.49]","[534.96, 602.43, 765.39, 1020.39, 1168.81]"
37,OR,"[398.03, 480.08, 615.25, 848.86, 945.14]","[406.64, 490.69, 629.58, 868.86, 967.17]","[444.75, 520.89, 635.44, 901.58, 1020.81]","[458.5, 536.83, 654.75, 929.0, 1051.94]","[472.92, 553.64, 675.28, 958.14, 1084.61]","[492.36, 576.67, 703.36, 997.89, 1129.31]","[505.61, 592.0, 721.97, 1024.28, 1159.86]","[519.31, 608.11, 741.53, 1052.06, 1191.42]","[542.86, 635.39, 774.33, 1098.97, 1245.36]","[506.58, 591.94, 723.44, 1025.47, 1166.06]","[516.31, 602.19, 767.94, 1089.64, 1283.5]","[520.25, 606.89, 773.92, 1099.19, 1294.58]","[537.81, 628.56, 801.61, 1137.58, 1340.86]","[586.47, 683.19, 861.69, 1221.08, 1440.14]","[603.69, 694.83, 874.36, 1245.53, 1478.61]","[654.97, 752.64, 944.36, 1345.44, 1587.0]"
38,PA,"[379.42, 480.54, 583.75, 750.67, 858.19]","[382.07, 484.22, 587.67, 756.1, 864.22]","[446.31, 506.97, 607.96, 771.49, 850.94]","[471.0, 534.01, 639.31, 814.94, 900.49]","[491.28, 556.31, 666.49, 849.04, 938.4]","[505.03, 572.19, 685.33, 873.3, 965.31]","[522.6, 592.06, 709.25, 903.57, 998.88]","[536.0, 607.33, 727.54, 926.9, 1024.93]","[542.67, 615.09, 736.79, 938.94, 1037.79]","[527.01, 597.66, 712.66, 902.91, 998.54]","[547.93, 623.1, 776.12, 1002.73, 1097.46]","[561.27, 636.88, 792.81, 1024.6, 1121.97]","[566.73, 643.6, 801.15, 1035.48, 1133.82]","[579.19, 659.93, 823.48, 1058.03, 1172.79]","[620.81, 697.49, 867.7, 1121.22, 1240.76]","[640.54, 715.73, 892.1, 1153.45, 1270.28]"
39,RI,"[518.38, 657.12, 789.5, 995.5, 1177.12]","[526.5, 667.25, 802.25, 1010.12, 1195.25]","[682.75, 762.5, 910.12, 1123.0, 1347.25]","[734.62, 813.77, 961.31, 1167.92, 1476.38]","[771.69, 855.23, 1010.23, 1227.69, 1550.92]","[793.69, 881.08, 1042.69, 1269.62, 1603.08]","[782.31, 869.77, 1029.62, 1254.62, 1583.31]","[787.38, 875.92, 1036.85, 1263.92, 1594.69]","[798.23, 887.92, 1051.08, 1280.62, 1616.31]","[758.69, 858.85, 996.54, 1206.0, 1501.85]","[737.62, 828.23, 1020.38, 1293.54, 1554.0]","[724.38, 812.92, 1001.54, 1269.77, 1525.46]","[750.38, 842.69, 1038.15, 1316.15, 1581.0]","[710.23, 869.92, 1068.77, 1355.38, 1644.08]","[795.54, 898.77, 1094.08, 1397.92, 1681.85]","[815.92, 924.62, 1120.92, 1436.46, 1702.38]"
40,SC,"[378.24, 441.11, 523.35, 674.67, 779.54]","[379.39, 441.74, 524.04, 676.22, 780.11]","[431.37, 476.35, 546.22, 702.52, 811.07]","[455.57, 504.33, 579.39, 742.98, 855.52]","[468.09, 518.35, 595.26, 763.57, 878.8]","[509.76, 564.59, 648.35, 831.7, 957.61]","[514.8, 570.0, 654.65, 839.59, 966.65]","[528.5, 585.43, 671.96, 861.78, 991.93]","[530.93, 588.11, 675.37, 865.83, 997.3]","[517.65, 568.43, 654.2, 827.83, 927.7]","[555.28, 597.46, 740.87, 971.48, 1167.87]","[557.2, 598.8, 741.57, 973.37, 1171.2]","[548.46, 591.17, 731.76, 960.39, 1155.33]","[541.15, 609.0, 754.72, 995.3, 1163.91]","[586.48, 655.37, 803.07, 1067.04, 1243.87]","[598.33, 668.46, 814.41, 1080.87, 1258.8]"
41,SD,"[310.5, 405.98, 510.68, 674.61, 782.42]","[313.95, 411.14, 516.94, 682.17, 791.86]","[353.44, 393.26, 507.73, 667.52, 766.38]","[376.92, 412.67, 532.05, 699.56, 798.62]","[382.42, 418.73, 540.15, 710.18, 810.58]","[391.59, 428.86, 553.09, 727.02, 830.11]","[404.02, 442.18, 570.42, 749.79, 856.06]","[408.88, 447.94, 577.77, 759.32, 867.12]","[416.35, 456.27, 588.27, 773.5, 882.88]","[402.23, 443.85, 573.55, 757.53, 849.92]","[441.18, 478.09, 615.86, 856.18, 921.89]","[459.82, 498.71, 641.56, 893.39, 961.17]","[492.77, 533.53, 686.58, 955.53, 1026.8]","[462.82, 539.59, 690.14, 931.55, 1017.83]","[473.55, 548.27, 703.2, 951.56, 1040.47]","[480.08, 558.52, 714.95, 958.74, 1051.21]"
42,TN,"[317.95, 373.21, 467.65, 619.74, 698.22]","[318.39, 373.54, 468.16, 620.98, 698.95]","[392.86, 431.94, 521.06, 684.91, 758.94]","[413.57, 454.62, 546.52, 716.91, 795.37]","[424.72, 466.75, 561.11, 736.03, 816.56]","[446.64, 490.68, 589.83, 773.72, 858.24]","[465.6, 511.73, 615.16, 806.93, 895.07]","[485.8, 534.03, 641.64, 841.79, 933.39]","[484.12, 532.01, 639.41, 838.64, 930.21]","[453.44, 501.56, 604.85, 787.46, 862.39]","[449.93, 518.61, 656.47, 877.69, 988.37]","[456.59, 526.35, 665.87, 890.72, 1003.48]","[468.16, 539.25, 682.41, 913.16, 1029.52]","[495.74, 559.89, 706.38, 936.64, 1082.85]","[520.89, 578.27, 726.02, 965.58, 1116.34]","[533.73, 593.04, 741.48, 986.36, 1141.37]"
43,TX,"[352.89, 408.17, 501.11, 676.22, 778.53]","[354.52, 408.87, 502.64, 678.33, 781.05]","[409.51, 446.28, 537.48, 718.26, 804.5]","[441.28, 479.44, 576.6, 772.21, 868.75]","[444.37, 483.0, 581.15, 778.12, 875.79]","[486.8, 529.13, 636.71, 852.71, 959.91]","[508.66, 552.9, 665.35, 890.95, 1002.69]","[521.06, 566.45, 681.74, 912.93, 1027.66]","[527.62, 573.47, 690.18, 924.24, 1040.45]","[537.49, 584.61, 704.83, 931.47, 1054.67]","[508.08, 574.38, 734.17, 990.79, 1123.74]","[516.72, 584.58, 746.52, 1009.31, 1143.2]","[517.93, 586.57, 749.17, 1013.48, 1147.67]","[567.57, 623.46, 788.01, 1055.85, 1256.55]","[610.67, 666.46, 838.19, 1121.96, 1341.53]","[616.04, 675.57, 846.23, 1133.81, 1342.57]"
44,UT,"[380.0, 460.79, 578.38, 775.9, 927.34]","[384.17, 465.45, 585.59, 785.0, 937.86]","[487.21, 527.59, 619.83, 864.72, 1030.45]","[493.34, 541.38, 636.76, 887.48, 1059.55]","[509.76, 559.03, 657.72, 916.59, 1094.59]","[517.83, 568.24, 668.21, 930.55, 1111.38]","[535.69, 588.07, 691.59, 963.0, 1150.21]","[558.97, 614.0, 721.79, 1005.0, 1200.76]","[572.24, 627.93, 738.31, 1027.9, 1228.21]","[539.03, 587.83, 700.34, 957.24, 1136.28]","[534.76, 599.21, 743.79, 1019.66, 1183.83]","[540.52, 605.69, 751.97, 1032.79, 1196.93]","[535.34, 600.72, 745.72, 1026.48, 1188.97]","[536.62, 641.45, 802.62, 1111.28, 1295.38]","[537.9, 641.07, 798.69, 1118.0, 1281.48]","[578.45, 686.24, 861.17, 1196.76, 1383.34]"
45,VT,"[455.29, 566.76, 711.18, 931.65, 1078.41]","[462.59, 575.59, 721.65, 945.59, 1094.94]","[513.94, 593.82, 734.24, 972.18, 1136.18]","[516.31, 605.78, 741.86, 979.38, 1136.01]","[542.64, 636.64, 779.71, 1029.25, 1194.18]","[572.51, 671.8, 822.66, 1085.76, 1259.74]","[625.92, 734.23, 899.08, 1186.93, 1376.71]","[629.92, 739.31, 905.16, 1194.71, 1385.97]","[675.69, 793.24, 970.99, 1281.77, 1486.73]","[680.5, 793.38, 959.14, 1253.35, 1463.82]","[708.18, 783.24, 976.23, 1245.98, 1502.85]","[680.04, 750.45, 938.08, 1196.28, 1440.16]","[708.16, 782.14, 980.02, 1244.53, 1500.65]","[740.42, 802.87, 1007.47, 1313.16, 1519.73]","[794.94, 869.39, 1084.81, 1419.86, 1593.25]","[799.72, 877.99, 1088.83, 1413.26, 1594.75]"
46,VA,"[458.95, 547.79, 649.0, 879.76, 1047.01]","[465.99, 555.99, 658.65, 892.89, 1062.41]","[526.69, 582.07, 679.96, 899.78, 1079.86]","[542.39, 598.53, 697.29, 921.73, 1109.81]","[561.24, 619.04, 721.22, 953.63, 1148.7]","[598.26, 659.98, 768.56, 1016.46, 1223.59]","[630.33, 695.42, 809.53, 1070.6, 1289.64]","[648.61, 715.55, 833.07, 1101.7, 1327.61]","[661.9, 730.08, 850.16, 1124.56, 1354.19]","[650.9, 720.19, 841.06, 1105.7, 1313.7]","[693.41, 743.21, 902.74, 1203.67, 1453.12]","[692.23, 740.85, 899.58, 1200.13, 1449.59]","[716.76, 767.78, 932.87, 1244.35, 1501.47]","[738.76, 792.45, 954.01, 1271.86, 1530.85]","[759.85, 813.35, 978.78, 1308.19, 1574.41]","[787.01, 848.25, 1019.54, 1361.95, 1635.36]"
47,WA,"[419.54, 504.74, 644.74, 866.49, 984.46]","[428.74, 515.64, 659.41, 885.74, 1006.1]","[468.54, 534.44, 663.18, 926.15, 1053.38]","[482.21, 545.38, 678.18, 950.31, 1085.51]","[501.9, 566.97, 705.46, 988.69, 1129.26]","[519.49, 587.03, 730.21, 1023.56, 1169.59]","[542.62, 613.05, 762.56, 1069.0, 1221.77]","[561.28, 634.23, 788.79, 1106.0, 1264.23]","[589.51, 666.21, 828.26, 1161.62, 1328.64]","[560.9, 641.15, 799.1, 1118.38, 1265.26]","[561.13, 662.82, 854.31, 1179.1, 1408.77]","[540.54, 638.95, 822.77, 1136.49, 1359.49]","[574.72, 679.18, 873.64, 1208.85, 1444.62]","[637.49, 735.23, 937.31, 1312.79, 1533.79]","[647.05, 745.79, 947.87, 1329.69, 1561.72]","[677.74, 777.28, 992.21, 1393.49, 1610.92]"
48,WV,"[320.4, 384.85, 453.05, 583.78, 672.55]","[321.76, 386.33, 454.8, 586.24, 674.62]","[363.67, 412.96, 493.22, 643.0, 717.56]","[387.69, 435.8, 524.49, 684.47, 761.56]","[397.96, 446.29, 536.44, 698.84, 779.31]","[427.78, 479.91, 576.84, 751.36, 837.89]","[448.2, 502.95, 604.29, 787.15, 878.05]","[451.89, 507.09, 609.45, 794.11, 885.93]","[441.42, 495.55, 595.69, 776.31, 866.13]","[434.2, 489.4, 586.56, 756.35, 852.36]","[466.58, 505.75, 634.76, 837.53, 935.24]","[483.85, 524.29, 657.25, 867.25, 967.8]","[514.98, 557.76, 699.35, 923.02, 1029.93]","[486.65, 536.09, 663.73, 872.49, 999.98]","[569.95, 620.45, 759.65, 1004.51, 1142.71]","[550.15, 595.4, 723.96, 958.65, 1104.35]"
49,WI,"[344.75, 410.49, 521.21, 672.21, 760.47]","[346.56, 412.39, 524.44, 675.11, 764.44]","[416.75, 471.0, 578.93, 757.04, 829.49]","[429.83, 484.58, 595.92, 781.07, 852.72]","[437.17, 492.89, 606.22, 794.64, 867.5]","[467.94, 527.68, 649.07, 850.89, 928.43]","[481.07, 542.4, 667.12, 874.4, 954.26]","[489.79, 552.29, 679.44, 890.51, 971.9]","[498.36, 562.07, 691.38, 906.1, 988.76]","[484.07, 550.79, 681.22, 886.15, 968.75]","[470.79, 553.83, 720.54, 962.85, 1068.36]","[480.35, 565.04, 734.96, 982.82, 1091.1]","[483.24, 568.28, 739.43, 989.1, 1098.47]","[517.5, 590.94, 772.93, 1022.17, 1136.72]","[528.56, 601.46, 776.82, 1028.96, 1150.35]","[546.28, 616.33, 796.44, 1056.4, 1178.5]"
50,WY,"[351.65, 406.65, 523.35, 696.09, 806.74]","[356.61, 411.91, 529.87, 704.74, 816.0]","[397.26, 434.35, 528.43, 702.87, 827.26]","[423.78, 461.78, 562.26, 747.3, 886.09]","[430.83, 469.09, 571.3, 759.26, 899.78]","[480.39, 524.83, 638.74, 849.61, 1004.96]","[513.35, 560.3, 682.13, 906.83, 1072.74]","[549.74, 599.52, 729.91, 970.09, 1147.87]","[535.65, 584.17, 711.17, 945.52, 1118.43]","[552.17, 601.22, 728.48, 961.48, 1141.13]","[572.17, 616.7, 781.83, 1087.48, 1228.04]","[562.09, 606.78, 768.0, 1070.26, 1208.09]","[561.61, 605.83, 766.87, 1067.91, 1208.61]","[566.39, 650.35, 816.17, 1111.17, 1284.74]","[561.22, 637.65, 812.3, 1099.74, 1297.52]","[608.39, 672.3, 857.0, 1154.87, 1399.26]"
51,PR,"[307.86, 375.88, 443.33, 555.69, 621.97]","[308.49, 377.15, 444.4, 557.94, 623.85]","[345.65, 375.06, 416.26, 552.09, 672.61]","[370.82, 402.31, 447.41, 589.42, 692.31]","[391.28, 424.09, 471.99, 623.33, 734.85]","[385.0, 416.95, 464.33, 613.32, 722.45]","[395.22, 427.96, 476.42, 629.26, 741.15]","[413.03, 447.08, 497.85, 657.47, 775.21]","[424.77, 460.1, 512.27, 676.49, 797.08]","[422.29, 456.27, 508.74, 678.44, 793.13]","[444.65, 480.32, 535.65, 714.01, 835.1]","[414.81, 444.05, 538.68, 724.56, 844.38]","[430.27, 460.31, 558.27, 750.62, 874.04]","[392.73, 418.63, 504.51, 682.67, 815.83]","[407.38, 429.33, 511.79, 687.44, 825.67]","[391.82, 410.41, 487.42, 654.17, 787.55]"
52,VI,"[629.0, 762.5, 899.0, 1123.5, 1258.0]","[628.5, 762.0, 899.0, 1122.5, 1257.0]","[533.0, 599.5, 750.0, 958.0, 1051.0]","[559.33, 644.0, 813.33, 1036.67, 1111.33]","[582.33, 670.0, 846.0, 1078.67, 1156.0]","[637.67, 733.33, 926.33, 1181.0, 1266.0]","[662.33, 762.0, 962.33, 1226.67, 1315.33]","[679.0, 781.33, 987.0, 1258.33, 1349.0]","[671.33, 772.33, 975.33, 1243.33, 1333.0]","[660.33, 758.0, 960.0, 1192.0, 1277.33]","[692.0, 795.0, 1006.33, 1249.33, 1339.0]","[690.0, 792.0, 1003.33, 1245.67, 1334.67]","[707.33, 812.33, 1028.67, 1277.33, 1369.0]","[819.0, 934.67, 1159.0, 1438.0, 1588.67]","[842.0, 961.0, 1191.33, 1478.0, 1633.0]","[887.67, 1012.67, 1255.0, 1573.33, 1709.33]"
53,US,"[373.11, 441.74, 548.01, 719.67, 824.34]","[376.82, 446.15, 553.57, 726.91, 832.68]","[435.12, 483.88, 584.78, 767.45, 869.25]","[498.78, 559.91, 677.21, 881.13, 1006.06]","[514.66, 577.96, 699.26, 909.76, 1038.19]","[546.39, 613.68, 742.57, 966.71, 1102.8]","[563.27, 632.73, 765.57, 996.95, 1137.29]","[580.33, 651.92, 788.63, 1026.82, 1171.54]","[588.32, 660.95, 799.72, 1041.49, 1188.21]","[571.93, 644.2, 779.43, 1006.89, 1140.88]","[578.56, 650.45, 819.34, 1081.08, 1232.76]","[585.13, 657.83, 829.36, 1095.48, 1248.41]","[598.1, 672.37, 847.69, 1119.29, 1275.54]","[613.18, 692.36, 870.19, 1143.83, 1312.5]","[647.83, 721.64, 901.77, 1190.35, 1362.25]","[672.34, 745.69, 930.57, 1227.11, 1403.83]"
